<?xml version="1.0" encoding="UTF-8" ?>
<NotepadPlus>
    <InternalCommands>
        <Shortcut id="49000" Ctrl="no" Alt="no" Shift="no" Key="117" />
    </InternalCommands>
    <Macros>
        <Macro name="Trim Trailing Space and Save" Ctrl="no" Alt="yes" Shift="yes" Key="83">
            <Action type="2" message="0" wParam="42024" lParam="0" sParam="" />
            <Action type="2" message="0" wParam="41006" lParam="0" sParam="" />
        </Macro>
    </Macros>
    <UserDefinedCommands>
        <Command name="Get PHP help" Ctrl="no" Alt="yes" Shift="no" Key="112">https://www.php.net/$(CURRENT_WORD)</Command>
        <Command name="Wikipedia Search" Ctrl="no" Alt="yes" Shift="no" Key="114">https://en.wikipedia.org/wiki/Special:Search?search=$(CURRENT_WORD)</Command>
        <Command name="Open selected file path in new instance" Ctrl="no" Alt="yes" Shift="no" Key="117">$(NPP_FULL_FILE_PATH) $(CURRENT_WORD) -nosession -multiInst</Command>
        <Command name="QB64_NO_IDE" Ctrl="yes" Alt="no" Shift="no" Key="116">E:\PAULO\QB64\qb64_v2.02_win-x64\qb64\qb64_noIDE.exe</Command>
    </UserDefinedCommands>
    <PluginCommands>
        <PluginCommand moduleName="RunMe.dll" internalID="0" Ctrl="no" Alt="no" Shift="no" Key="116" />
    </PluginCommands>
    <ScintillaKeys />
</NotepadPlus>
