<!--//
Markdown-plus-plus is a project to support Markdown syntax in Notepad++.
All UDLs are carefully designed by human, rather than generated by machine.
Want an UDL for different theme?
Want to change its preference?
Want to create your own?
Go get it: https://github.com/Edditoria/markdown-plus-plus
Please read the README file for details.
Welcome issues and pull requests via the above link.
Copyright (c) Edditoria. Open source under the MIT license:
https://github.com/Edditoria/markdown-plus-plus/blob/master/LICENSE.txt
//-->
<NotepadPlus>
    <UserLang name="Markdown (preinstalled dark mode)" ext="md markdown" darkModeTheme="yes" udlVersion="2.1">
        <Settings>
            <Global caseIgnored="yes" allowFoldOfComments="no" foldCompact="no" forcePureLC="2" decimalSeparator="0" />
            <Prefix Keywords1="yes" Keywords2="yes" Keywords3="yes" Keywords4="yes" Keywords5="yes" Keywords6="yes" Keywords7="yes" Keywords8="no" />
        </Settings>
        <KeywordLists>
            <Keywords name="Comments">00# 01 02((EOL)) 03&lt;!-- 04--&gt;</Keywords>
            <Keywords name="Numbers, prefix1"></Keywords>
            <Keywords name="Numbers, prefix2"></Keywords>
            <Keywords name="Numbers, extras1"></Keywords>
            <Keywords name="Numbers, extras2"></Keywords>
            <Keywords name="Numbers, suffix1">.</Keywords>
            <Keywords name="Numbers, suffix2">.</Keywords>
            <Keywords name="Numbers, range"></Keywords>
            <Keywords name="Operators1">@ &lt; &gt; \&lt; \&gt; \\ \` \* \_ \{ \} \[ \] \( \) \# \+ \- \. \! \~ \| |:-: |:--: |:---: | :-: :--: :---: :|: |: :|</Keywords>
            <Keywords name="Operators2">- + :- :-- :--- :</Keywords>
            <Keywords name="Folders in code1, open"></Keywords>
            <Keywords name="Folders in code1, middle"></Keywords>
            <Keywords name="Folders in code1, close"></Keywords>
            <Keywords name="Folders in code2, open"></Keywords>
            <Keywords name="Folders in code2, middle"></Keywords>
            <Keywords name="Folders in code2, close"></Keywords>
            <Keywords name="Folders in comment, open"></Keywords>
            <Keywords name="Folders in comment, middle"></Keywords>
            <Keywords name="Folders in comment, close"></Keywords>
            <Keywords name="Keywords1">../ (../ http:// (http:// https:// (https:// mailto: (mailto: ftp:// (ftp:// ftps:// (ftps:// (/ /</Keywords>
            <Keywords name="Keywords2">==== ----</Keywords>
            <Keywords name="Keywords3">*** ___</Keywords>
            <Keywords name="Keywords4">** __</Keywords>
            <Keywords name="Keywords5">* _</Keywords>
            <Keywords name="Keywords6">** __</Keywords>
            <Keywords name="Keywords7">* _</Keywords>
            <Keywords name="Keywords8"></Keywords>
            <Keywords name="Delimiters">00![ 00[ 01\ 02] 02] 03``` 03` 03~~~ 04\ 05``` 05((EOL `)) 05~~~ 06*** 07\ 08((EOL ***)) 09** 10\ 11((EOL **)) 12* 13\ 14((EOL *)) 15** 16\ 17((EOL **)) 18* 19\ 20((EOL *)) 21 22 23</Keywords>
        </KeywordLists>
        <Styles>
            <WordsStyle name="DEFAULT" fgColor="DCDCCC" bgColor="3F3F3F" colorStyle="0" fontStyle="0" nesting="0" />
            <WordsStyle name="COMMENTS" fgColor="7F9F7F" bgColor="3F3F3F" colorStyle="1" fontStyle="2" nesting="0" />
            <WordsStyle name="LINE COMMENTS" fgColor="FF8040" bgColor="3F3F3F" colorStyle="1" fontStyle="1" nesting="0" />
            <WordsStyle name="NUMBERS" fgColor="8CD0D3" bgColor="3F3F3F" colorStyle="1" fontStyle="0" nesting="0" />
            <WordsStyle name="KEYWORDS1" fgColor="EDD6ED" bgColor="3F3F3F" colorStyle="1" fontStyle="0" nesting="0" />
            <WordsStyle name="KEYWORDS2" fgColor="FF8040" bgColor="3F3F3F" colorStyle="1" fontStyle="1" nesting="0" />
            <WordsStyle name="KEYWORDS3" fgColor="E3CEAB" bgColor="3F3F3F" colorStyle="1" fontStyle="3" nesting="0" />
            <WordsStyle name="KEYWORDS4" fgColor="E3CEAB" bgColor="3F3F3F" colorStyle="1" fontStyle="1" nesting="0" />
            <WordsStyle name="KEYWORDS5" fgColor="E3CEAB" bgColor="3F3F3F" colorStyle="1" fontStyle="2" nesting="0" />
            <WordsStyle name="KEYWORDS6" fgColor="E3CEAB" bgColor="3F3F3F" colorStyle="1" fontStyle="3" nesting="0" />
            <WordsStyle name="KEYWORDS7" fgColor="E3CEAB" bgColor="3F3F3F" colorStyle="1" fontStyle="3" nesting="0" />
            <WordsStyle name="KEYWORDS8" fgColor="DCDCCC" bgColor="3F3F3F" colorStyle="0" fontStyle="0" nesting="0" />
            <WordsStyle name="OPERATORS" fgColor="DFC47D" bgColor="3F3F3F" colorStyle="1" fontStyle="1" nesting="0" />
            <WordsStyle name="FOLDER IN CODE1" fgColor="DCDCCC" bgColor="3F3F3F" colorStyle="0" fontStyle="0" nesting="0" />
            <WordsStyle name="FOLDER IN CODE2" fgColor="DCDCCC" bgColor="3F3F3F" colorStyle="0" fontStyle="0" nesting="0" />
            <WordsStyle name="FOLDER IN COMMENT" fgColor="DCDCCC" bgColor="3F3F3F" colorStyle="0" fontStyle="0" nesting="0" />
            <WordsStyle name="DELIMITERS1" fgColor="EDD6ED" bgColor="3F3F3F" colorStyle="1" fontStyle="2" nesting="0" />
            <WordsStyle name="DELIMITERS2" fgColor="CEDF99" bgColor="3F3F3F" colorStyle="1" fontStyle="0" nesting="0" />
            <WordsStyle name="DELIMITERS3" fgColor="E3CEAB" bgColor="3F3F3F" colorStyle="1" fontStyle="3" nesting="0" />
            <WordsStyle name="DELIMITERS4" fgColor="E3CEAB" bgColor="3F3F3F" colorStyle="1" fontStyle="1" nesting="65600" />
            <WordsStyle name="DELIMITERS5" fgColor="E3CEAB" bgColor="3F3F3F" colorStyle="1" fontStyle="2" nesting="32800" />
            <WordsStyle name="DELIMITERS6" fgColor="E3CEAB" bgColor="3F3F3F" colorStyle="1" fontStyle="3" nesting="0" />
            <WordsStyle name="DELIMITERS7" fgColor="E3CEAB" bgColor="3F3F3F" colorStyle="1" fontStyle="3" nesting="0" />
            <WordsStyle name="DELIMITERS8" fgColor="DCDCCC" bgColor="3F3F3F" colorStyle="0" fontStyle="0" nesting="0" />
        </Styles>
    </UserLang>
</NotepadPlus>
