<NotepadPlus>
    <UserLang name="QB64" ext="bas bi bm" udlVersion="2.1">
        <Settings>
            <Global caseIgnored="yes" allowFoldOfComments="yes" foldCompact="yes" forcePureLC="0" decimalSeparator="0" />
            <Prefix Keywords1="yes" Keywords2="no" Keywords3="no" Keywords4="no" Keywords5="no" Keywords6="no" Keywords7="no" Keywords8="no" />
        </Settings>
        <KeywordLists>
            <Keywords name="Comments">00 01 02 03 04</Keywords>
            <Keywords name="Numbers, prefix1"></Keywords>
            <Keywords name="Numbers, prefix2"></Keywords>
            <Keywords name="Numbers, extras1"></Keywords>
            <Keywords name="Numbers, extras2"></Keywords>
            <Keywords name="Numbers, suffix1">,  (  :</Keywords>
            <Keywords name="Numbers, suffix2"></Keywords>
            <Keywords name="Numbers, range"></Keywords>
            <Keywords name="Operators1">% %% &amp; &amp;&amp; # / * - + ( ) ^</Keywords>
            <Keywords name="Operators2">XOR AND OR NOT</Keywords>
            <Keywords name="Folders in code1, open"></Keywords>
            <Keywords name="Folders in code1, middle"></Keywords>
            <Keywords name="Folders in code1, close"></Keywords>
            <Keywords name="Folders in code2, open">SUB FUNCTION IF FOR DO WHILE DECLARE TYPE $IF</Keywords>
            <Keywords name="Folders in code2, middle"></Keywords>
            <Keywords name="Folders in code2, close">&quot;END SUB&quot; &quot;END FUNCTION&quot; &quot;END IF&quot; NEXT LOOP WEND &quot;END DECLARE&quot; &quot;END TYPE&quot; $ENDIF</Keywords>
            <Keywords name="Folders in comment, open"></Keywords>
            <Keywords name="Folders in comment, middle"></Keywords>
            <Keywords name="Folders in comment, close"></Keywords>
            <Keywords name="Keywords1"></Keywords>
            <Keywords name="Keywords2">AS REM $DYNAMIC $STATIC</Keywords>
            <Keywords name="Keywords3">ABS ABSOLUTE ACCESS ALIAS APPEND ASC ATN BASE BEEP BINARY BLOAD BSAVE BYVAL CALL CALLS CASE CDBL CDECL CHAIN CHDIR CHR$ CINT CIRCLE CLEAR CLNG CLOSE CLS COLOR COM COMMAND$ COMMON CONST COS CSNG CSRLIN CUSTOMTYPE CVD CVDMBF CVI CVL CVS CVSMBF DATA DATE$ DEF DEFDBL DEFINT DEFLNG DEFSNG DEFSTR DIM DOUBLE DRAW DYNAMIC ELSE ELSEIF END ENDIF ENVIRON ENVIRON$ EOF EQV ERASE ERDEV ERDEV$ ERL ERR ERROR EVERYCASE EXIT EXP FIELD FILEATTR FILES FIX FN FRE FREE FREEFILE GET GOSUB GOTO HEX$ IMP INKEY$ INP INPUT INPUT$ INSTR INT INTEGER INTERRUPT INTERRUPTX IOCTL IOCTL$ IS KEY KILL LBOUND LCASE$ LEFT$ LEN LET LIBRARY LINE LIST LOC LOCATE LOCK LOF LOG LONG LPOS LPRINT LSET LTRIM$ MID$ MKD$ MKDIR MKDMBF$ MKI$ MKL$ MKS$ MKSMBF$ MOD NAME OCT$ OFF ON ONLY OPEN OPTION OUT OUTPUT PAINT PALETTE PCOPY PEEK PEN PLAY PMAP POINT POKE POS PRESET PRINT PSET PUT RANDOM RANDOMIZE READ REDIM RESET RESTORE RESUME RETURN RIGHT$ RMDIR RND RSET RTRIM$ RUN SADD SCREEN SEEK SEG SELECT SETMEM SGN SHARED SHELL SIGNAL SIN SINGLE SLEEP SMOOTH SOUND SPACE$ SPC SQR STATIC STEP STICK STOP STR$ STRETCH STRIG STRING STRING$ SWAP SYSTEM TAB TAN THEN TIME$ TIMER TROFF TRON UBOUND UCASE$ UEVENT UNLOCK UNTIL USING VAL VARPTR VARPTR$ VARSEG VIEW WAIT WIDTH WINDOW WRITE</Keywords>
            <Keywords name="Keywords4">$ASSERTS $CHECKING $COLOR $CONSOLE $DEBUG $ELSE $ELSEIF $END $ERROR $EXEICON $LET $NOPREFIX $RESIZE $SCREENHIDE $SCREENSHOW $VERSIONINFO $VIRTUALKEYBOARD</Keywords>
            <Keywords name="Keywords5">_ACCEPTFILEDROP _ACOS _ACOSH _ALL _ALLOWFULLSCREEN _ALPHA _ALPHA32 _ANTICLOCKWISE _ARCCOT _ARCCSC _ARCSEC _ASIN _ASINH _ASSERT _ATAN2 _ATANH _AUTODISPLAY _AXIS _BACKGROUNDCOLOR _BEHIND _BIT _BLEND _BLINK _BLUE _BLUE32 _BUTTON _BUTTONCHANGE _BYTE _CAPSLOCK _CEIL _CINP _CLEAR _CLEARCOLOR _CLIP _CLIPBOARD$ _CLIPBOARDIMAGE _COMMANDCOUNT _CONNECTED _CONNECTIONADDRESS _CONNECTIONADDRESS$ _CONSOLE _CONSOLECURSOR _CONSOLEFONT _CONSOLEINPUT _CONSOLETITLE _CONTINUE _CONTROLCHR _COPYIMAGE _COPYPALETTE _COSH _COT _COTH _CSC _CSCH _CV _CWD$ _D2G _D2R _DEFAULTCOLOR _DEFINE _DEFLATE$ _DELAY _DEPTHBUFFER _DESKTOPHEIGHT _DESKTOPWIDTH _DEST _DEVICE$ _DEVICEINPUT _DEVICES _DIR$ _DIREXISTS _DISPLAY _DISPLAYORDER _DONTBLEND _DONTWAIT _DROPPEDFILE _DROPPEDFILE$ _ECHO _ENVIRONCOUNT _ERRORLINE _ERRORMESSAGE$ _EXIT _EXPLICIT _EXPLICITARRAY _FILEEXISTS _FILLBACKGROUND _FINISHDROP _FLOAT _FONT _FONTHEIGHT _FONTWIDTH _FREEFONT _FREEIMAGE _FREETIMER _FULLSCREEN _G2D _G2R _GLACCUM _GLALPHAFUNC _GLARETEXTURESRESIDENT _GLARRAYELEMENT _GLBEGIN _GLBINDTEXTURE _GLBITMAP _GLBLENDFUNC _GLCALLLIST _GLCALLLISTS _GLCLEAR _GLCLEARACCUM _GLCLEARCOLOR _GLCLEARDEPTH _GLCLEARINDEX _GLCLEARSTENCIL _GLCLIPPLANE _GLCOLOR3B _GLCOLOR3D _GLCOLOR3F _GLCOLOR3I _GLCOLOR3S _GLCOLOR3UB _GLCOLOR3UBV _GLCOLOR3UI _GLCOLOR3UIV _GLCOLOR3US _GLCOLOR3USV _GLCOLOR3BV _GLCOLOR3DV _GLCOLOR3FV _GLCOLOR3IV _GLCOLOR3SV _GLCOLOR4B _GLCOLOR4D _GLCOLOR4F _GLCOLOR4I _GLCOLOR4S _GLCOLOR4UB _GLCOLOR4UBV _GLCOLOR4UI _GLCOLOR4UIV _GLCOLOR4US _GLCOLOR4USV _GLCOLOR4BV _GLCOLOR4DV _GLCOLOR4FV _GLCOLOR4IV _GLCOLOR4SV _GLCOLORMASK _GLCOLORMATERIAL _GLCOLORPOINTER _GLCOPYPIXELS _GLCOPYTEXIMAGE1D _GLCOPYTEXIMAGE2D _GLCOPYTEXSUBIMAGE1D _GLCOPYTEXSUBIMAGE2D _GLCULLFACE _GLDELETELISTS _GLDELETETEXTURES _GLDEPTHFUNC _GLDEPTHMASK _GLDEPTHRANGE _GLDISABLE _GLDISABLECLIENTSTATE _GLDRAWARRAYS _GLDRAWBUFFER _GLDRAWELEMENTS _GLDRAWPIXELS _GLEDGEFLAG _GLEDGEFLAGPOINTER _GLEDGEFLAGV _GLENABLE _GLENABLECLIENTSTATE _GLEND _GLENDLIST _GLEVALCOORD1D _GLEVALCOORD1F _GLEVALCOORD1DV _GLEVALCOORD1FV _GLEVALCOORD2D _GLEVALCOORD2F _GLEVALCOORD2DV _GLEVALCOORD2FV _GLEVALMESH1 _GLEVALMESH2 _GLEVALPOINT1 _GLEVALPOINT2 _GLFEEDBACKBUFFER _GLFINISH _GLFLUSH _GLFOGF _GLFOGFV _GLFOGI _GLFOGIV _GLFRONTFACE _GLFRUSTUM _GLGENLISTS _GLGENTEXTURES _GLGETBOOLEANV _GLGETCLIPPLANE _GLGETDOUBLEV _GLGETERROR _GLGETFLOATV _GLGETINTEGERV _GLGETLIGHTFV _GLGETLIGHTIV _GLGETMAPDV _GLGETMAPFV _GLGETMAPIV _GLGETMATERIALFV _GLGETMATERIALIV _GLGETPIXELMAPFV _GLGETPIXELMAPUIV _GLGETPIXELMAPUSV _GLGETPOINTERV _GLGETPOLYGONSTIPPLE _GLGETSTRING _GLGETTEXENVFV _GLGETTEXENVIV _GLGETTEXGENDV _GLGETTEXGENFV _GLGETTEXGENIV _GLGETTEXIMAGE _GLGETTEXLEVELPARAMETERFV _GLGETTEXLEVELPARAMETERIV _GLGETTEXPARAMETERFV _GLGETTEXPARAMETERIV _GLHINT _GLINDEXD _GLINDEXDV _GLINDEXF _GLINDEXFV _GLINDEXI _GLINDEXIV _GLINDEXMASK _GLINDEXPOINTER _GLINDEXS _GLINDEXSV _GLINDEXUB _GLINDEXUBV _GLINITNAMES _GLINTERLEAVEDARRAYS _GLISENABLED _GLISLIST _GLISTEXTURE _GLLIGHTF _GLLIGHTFV _GLLIGHTI _GLLIGHTIV _GLLIGHTMODELF _GLLIGHTMODELFV _GLLIGHTMODELI _GLLIGHTMODELIV _GLLINESTIPPLE _GLLINEWIDTH _GLLISTBASE _GLLOADIDENTITY _GLLOADMATRIXD _GLLOADMATRIXF _GLLOADNAME _GLLOGICOP _GLMAP1D _GLMAP1F _GLMAP2D _GLMAP2F _GLMAPGRID1D _GLMAPGRID1F _GLMAPGRID2D _GLMAPGRID2F _GLMATERIALF _GLMATERIALFV _GLMATERIALI _GLMATERIALIV _GLMATRIXMODE _GLMULTMATRIXD _GLMULTMATRIXF _GLNEWLIST _GLNORMAL3B _GLNORMAL3D _GLNORMAL3F _GLNORMAL3I _GLNORMAL3S _GLNORMAL3BV _GLNORMAL3DV _GLNORMAL3FV _GLNORMAL3IV _GLNORMAL3SV _GLNORMALPOINTER _GLORTHO _GLPASSTHROUGH _GLPIXELMAPFV _GLPIXELMAPUIV _GLPIXELMAPUSV _GLPIXELSTOREF _GLPIXELSTOREI _GLPIXELTRANSFERF _GLPIXELTRANSFERI _GLPIXELZOOM _GLPOINTSIZE _GLPOLYGONMODE _GLPOLYGONOFFSET _GLPOLYGONSTIPPLE _GLPOPATTRIB _GLPOPCLIENTATTRIB _GLPOPMATRIX _GLPOPNAME _GLPRIORITIZETEXTURES _GLPUSHATTRIB _GLPUSHCLIENTATTRIB _GLPUSHMATRIX _GLPUSHNAME _GLRASTERPOS2D _GLRASTERPOS2F _GLRASTERPOS2I _GLRASTERPOS2S _GLRASTERPOS2DV _GLRASTERPOS2FV _GLRASTERPOS2IV _GLRASTERPOS2SV _GLRASTERPOS3D _GLRASTERPOS3F _GLRASTERPOS3I _GLRASTERPOS3S _GLRASTERPOS3DV _GLRASTERPOS3FV _GLRASTERPOS3IV _GLRASTERPOS3SV _GLRASTERPOS4D _GLRASTERPOS4F _GLRASTERPOS4I _GLRASTERPOS4S _GLRASTERPOS4DV _GLRASTERPOS4FV _GLRASTERPOS4IV _GLRASTERPOS4SV _GLREADBUFFER _GLREADPIXELS _GLRECTD _GLRECTDV _GLRECTF _GLRECTFV _GLRECTI _GLRECTIV _GLRECTS _GLRECTSV _GLRENDER _GLRENDERMODE _GLROTATED _GLROTATEF _GLSCALED _GLSCALEF _GLSCISSOR _GLSELECTBUFFER _GLSHADEMODEL _GLSTENCILFUNC _GLSTENCILMASK _GLSTENCILOP _GLTEXCOORD1D _GLTEXCOORD1F _GLTEXCOORD1I _GLTEXCOORD1S _GLTEXCOORD1DV _GLTEXCOORD1FV _GLTEXCOORD1IV _GLTEXCOORD1SV _GLTEXCOORD2D _GLTEXCOORD2F _GLTEXCOORD2I _GLTEXCOORD2S _GLTEXCOORD2DV _GLTEXCOORD2FV _GLTEXCOORD2IV _GLTEXCOORD2SV _GLTEXCOORD3D _GLTEXCOORD3F _GLTEXCOORD3I _GLTEXCOORD3S _GLTEXCOORD3DV _GLTEXCOORD3FV _GLTEXCOORD3IV _GLTEXCOORD3SV _GLTEXCOORD4D _GLTEXCOORD4F _GLTEXCOORD4I _GLTEXCOORD4S _GLTEXCOORD4DV _GLTEXCOORD4FV _GLTEXCOORD4IV _GLTEXCOORD4SV _GLTEXCOORDPOINTER _GLTEXENVF _GLTEXENVFV _GLTEXENVI _GLTEXENVIV _GLTEXGEND _GLTEXGENDV _GLTEXGENF _GLTEXGENFV _GLTEXGENI _GLTEXGENIV _GLTEXIMAGE1D _GLTEXIMAGE2D _GLTEXPARAMETERF _GLTEXPARAMETERFV _GLTEXPARAMETERI _GLTEXPARAMETERIV _GLTEXSUBIMAGE1D _GLTEXSUBIMAGE2D _GLTRANSLATED _GLTRANSLATEF _GLUPERSPECTIVE _GLVERTEX2D _GLVERTEX2F _GLVERTEX2I _GLVERTEX2S _GLVERTEX2DV _GLVERTEX2FV _GLVERTEX2IV _GLVERTEX2SV _GLVERTEX3D _GLVERTEX3F _GLVERTEX3I _GLVERTEX3S _GLVERTEX3DV _GLVERTEX3FV _GLVERTEX3IV _GLVERTEX3SV _GLVERTEX4D _GLVERTEX4F _GLVERTEX4I _GLVERTEX4S _GLVERTEX4DV _GLVERTEX4FV _GLVERTEX4IV _GLVERTEX4SV _GLVERTEXPOINTER _GLVIEWPORT _GREEN _GREEN32 _HARDWARE _HARDWARE1 _HEIGHT _HIDE _HYPOT _ICON _INCLERRORFILE$ _INCLERRORLINE _INFLATE$ _INSTRREV _INTEGER64 _KEEPBACKGROUND _KEYCLEAR _KEYDOWN _KEYHIT _LASTAXIS _LASTBUTTON _LASTWHEEL _LIMIT _LOADFONT _LOADIMAGE _MAPTRIANGLE _MAPUNICODE _MEM _MEMCOPY _MEMELEMENT _MEMEXISTS _MEMFILL _MEMFREE _MEMGET _MEMIMAGE _MEMNEW _MEMPUT _MEMSOUND _MIDDLE _MK$ _MOUSEBUTTON _MOUSEHIDE _MOUSEINPUT _MOUSEMOVE _MOUSEMOVEMENTX _MOUSEMOVEMENTY _MOUSEPIPEOPEN _MOUSESHOW _MOUSEWHEEL _MOUSEX _MOUSEY _NEWIMAGE _NONE _NUMLOCK _OFF _OFFSET _ONLY _ONLYBACKGROUND _ONTOP _OPENCLIENT _OPENCONNECTION _OPENHOST _OS$ _PALETTECOLOR _PI _PIXELSIZE _PRESERVE _PRINTIMAGE _PRINTMODE _PRINTSTRING _PRINTWIDTH _PUTIMAGE _R2D _R2G _READBIT _RED _RED32 _RESETBIT _RESIZE _RESIZEHEIGHT _RESIZEWIDTH _RGB _RGB32 _RGBA _RGBA32 _ROUND _SCREENCLICK _SCREENEXISTS _SCREENHIDE _SCREENICON _SCREENIMAGE _SCREENMOVE _SCREENPRINT _SCREENSHOW _SCREENX _SCREENY _SCROLLLOCK _SEAMLESS _SEC _SECH _SETALPHA _SETBIT _SHELLHIDE _SHL _SHR _SINH _SMOOTH _SMOOTHSHRUNK _SMOOTHSTRETCHED _SNDBAL _SNDCLOSE _SNDCOPY _SNDGETPOS _SNDLEN _SNDLIMIT _SNDLOOP _SNDOPEN _SNDOPENRAW _SNDPAUSE _SNDPAUSED _SNDPLAY _SNDPLAYCOPY _SNDPLAYFILE _SNDPLAYING _SNDRATE _SNDRAW _SNDRAWDONE _SNDRAWLEN _SNDSETPOS _SNDSTOP _SNDVOL _SOFTWARE _SOURCE _SQUAREPIXELS _STARTDIR$ _STRCMP _STRETCH _STRICMP _TANH _TITLE _TITLE$ _TOGGLE _TOGGLEBIT _TOTALDROPPEDFILES _TRIM$ _UNSIGNED _WHEEL _WIDTH _WINDOWHANDLE _WINDOWHASFOCUS</Keywords>
            <Keywords name="Keywords6"></Keywords>
            <Keywords name="Keywords7"></Keywords>
            <Keywords name="Keywords8"></Keywords>
            <Keywords name="Delimiters">00:&apos; 01 02((EOL)) 03&quot; 04 05&quot; 06&apos;&apos; 07 08((EOL)) 09&apos;$INCLUD 10 11E 12&apos; 13 14((EOL)) 15REM 16 17((EOL)) 18 19 20 21 22 23</Keywords>
        </KeywordLists>
        <Styles>
            <WordsStyle name="DEFAULT" fgColor="000000" bgColor="FFFFFF" colorStyle="1" fontStyle="0" nesting="0" />
            <WordsStyle name="COMMENTS" fgColor="408080" bgColor="FFFFFF" colorStyle="1" fontStyle="0" nesting="0" />
            <WordsStyle name="LINE COMMENTS" fgColor="008040" bgColor="FFFFFF" colorStyle="1" fontStyle="0" nesting="512" />
            <WordsStyle name="NUMBERS" fgColor="FF0000" bgColor="FFFFFF" colorStyle="1" fontStyle="1" nesting="0" />
            <WordsStyle name="KEYWORDS1" fgColor="808040" bgColor="FFFFFF" colorStyle="1" fontStyle="1" fontSize="12" nesting="0" />
            <WordsStyle name="KEYWORDS2" fgColor="0000FF" bgColor="FFFFFF" colorStyle="1" fontStyle="0" nesting="0" />
            <WordsStyle name="KEYWORDS3" fgColor="0000FF" bgColor="FFFFFF" fontStyle="0" nesting="0" />
            <WordsStyle name="KEYWORDS4" fgColor="0000FF" bgColor="FFFFFF" colorStyle="1" fontStyle="0" nesting="0" />
            <WordsStyle name="KEYWORDS5" fgColor="0000FF" bgColor="FFFFFF" colorStyle="1" fontStyle="0" nesting="0" />
            <WordsStyle name="KEYWORDS6" fgColor="808000" bgColor="FFFFFF" colorStyle="1" fontStyle="0" nesting="0" />
            <WordsStyle name="KEYWORDS7" fgColor="000000" bgColor="FFFFFF" fontStyle="0" nesting="0" />
            <WordsStyle name="KEYWORDS8" fgColor="000000" bgColor="FFFFFF" fontStyle="0" nesting="0" />
            <WordsStyle name="OPERATORS" fgColor="0000FF" bgColor="FFFFFF" colorStyle="1" fontStyle="0" nesting="0" />
            <WordsStyle name="FOLDER IN CODE1" fgColor="804000" bgColor="FFFFFF" colorStyle="1" fontStyle="0" nesting="0" />
            <WordsStyle name="FOLDER IN CODE2" fgColor="0000FF" bgColor="FFFFFF" colorStyle="1" fontStyle="0" nesting="0" />
            <WordsStyle name="FOLDER IN COMMENT" fgColor="004080" bgColor="FFFFFF" colorStyle="1" fontStyle="1" nesting="0" />
            <WordsStyle name="DELIMITERS1" fgColor="800080" bgColor="FFFFFF" colorStyle="1" fontStyle="4" nesting="0" />
            <WordsStyle name="DELIMITERS2" fgColor="808080" bgColor="FFFFFF" colorStyle="1" fontStyle="1" nesting="0" />
            <WordsStyle name="DELIMITERS3" fgColor="008000" bgColor="FFFFFF" colorStyle="1" fontStyle="2" nesting="256" />
            <WordsStyle name="DELIMITERS4" fgColor="0000FF" bgColor="FFFFFF" fontStyle="0" nesting="0" />
            <WordsStyle name="DELIMITERS5" fgColor="008000" bgColor="FFFFFF" colorStyle="1" fontStyle="0" nesting="0" />
            <WordsStyle name="DELIMITERS6" fgColor="008000" bgColor="FFFFFF" colorStyle="1" fontStyle="0" nesting="0" />
            <WordsStyle name="DELIMITERS7" fgColor="008000" bgColor="FFFFFF" colorStyle="1" fontStyle="0" nesting="0" />
            <WordsStyle name="DELIMITERS8" fgColor="000000" bgColor="FFFFFF" fontStyle="0" nesting="0" />
        </Styles>
    </UserLang>
</NotepadPlus>
